<?xml version="1.0" encoding="UTF-8" ?><!-- $Id: install.xml 872 2012-10-29 05:11:52Z malu $ -->
<XMLDB PATH="blocks/sharing_cart/db" VERSION="2017122000" COMMENT="XMLDB file for Moodle sharing cart"
       xmlns:xsi="http://www.w3.org/2001/XMLSchema-instance"
       xsi:noNamespaceSchemaLocation="../../../lib/xmldb/xmldb.xsd"
>
    <TABLES>
        <TABLE NAME="block_sharing_cart" COMMENT="table to store sharing data">
            <FIELDS>
                <FIELD NAME="id" TYPE="int" LENGTH="10" NOTNULL="true" UNSIGNED="true" SEQUENCE="true"/>
                <FIELD NAME="userid" TYPE="int" LENGTH="10" NOTNULL="true" DEFAULT="0" SEQUENCE="false"/>
                <FIELD NAME="modname" TYPE="char" LENGTH="32" NOTNULL="true" SEQUENCE="false"/>
                <FIELD NAME="modicon" TYPE="char" LENGTH="32" NOTNULL="true" SEQUENCE="false"/>
                <FIELD NAME="modtext" TYPE="text" NOTNULL="true" SEQUENCE="false"/>
                <FIELD NAME="ctime" TYPE="int" LENGTH="10" NOTNULL="true" DEFAULT="0" SEQUENCE="false"/>
                <FIELD NAME="filename" TYPE="char" LENGTH="255" NOTNULL="true" SEQUENCE="false"/>
                <FIELD NAME="tree" TYPE="char" LENGTH="255" NOTNULL="true" SEQUENCE="false"/>
                <FIELD NAME="weight" TYPE="int" LENGTH="10" NOTNULL="true" DEFAULT="0" SEQUENCE="false"/>
                <FIELD NAME="course" TYPE="int" LENGTH="10" NOTNULL="true" DEFAULT="0" SEQUENCE="false"/>
                <FIELD NAME="section" TYPE="int" LENGTH="10" NOTNULL="true" DEFAULT="0" SEQUENCE="false"/>
                <FIELD NAME="fileid" TYPE="int" LENGTH="10" NOTNULL="true" DEFAULT="0" SEQUENCE="false"/>
            </FIELDS>
            <KEYS>
                <KEY NAME="primary" TYPE="primary" FIELDS="id"/>
                <KEY NAME="userid" TYPE="foreign" FIELDS="userid" REFTABLE="user" REFFIELDS="id"/>
                <KEY NAME="course" TYPE="foreign" FIELDS="course" REFTABLE="course" REFFIELDS="id"/>
            </KEYS>
            <INDEXES>
                <INDEX NAME="weight" UNIQUE="false" FIELDS="weight"/>
                <INDEX NAME="tree" UNIQUE="false" FIELDS="tree"/>
                <INDEX NAME="section" UNIQUE="false" FIELDS="section"/>
                <INDEX NAME="fileid" UNIQUE="false" FIELDS="fileid"/>
            </INDEXES>
        </TABLE>

        <TABLE NAME="block_sharing_cart_plugins" COMMENT="table to store sharing cart plugins data">
            <FIELDS>
                <FIELD NAME="id" TYPE="int" LENGTH="10" NOTNULL="true" UNSIGNED="true" SEQUENCE="true"/>
                <FIELD NAME="plugin" TYPE="char" LENGTH="32" NOTNULL="true" SEQUENCE="false"/>
                <FIELD NAME="userid" TYPE="int" LENGTH="10" NOTNULL="true" DEFAULT="0" SEQUENCE="false"/>
                <FIELD NAME="data" TYPE="text" NOTNULL="true" SEQUENCE="false"/>
            </FIELDS>
            <KEYS>
                <KEY NAME="primary" TYPE="primary" FIELDS="id"/>
            </KEYS>
        </TABLE>

        <TABLE NAME="block_sharing_cart_sections" COMMENT="table to store section info">
            <FIELDS>
                <FIELD NAME="id" TYPE="int" LENGTH="10" NOTNULL="true" SEQUENCE="true"/>
                <FIELD NAME="name" TYPE="char" LENGTH="255" NOTNULL="true" SEQUENCE="false"/>
                <FIELD NAME="summary" TYPE="text" NOTNULL="false" SEQUENCE="false"/>
                <FIELD NAME="summaryformat" TYPE="int" LENGTH="2" NOTNULL="true" SEQUENCE="false" DEFAULT="0"/>
                <FIELD NAME="availability" TYPE="text" NOTNULL="false" SEQUENCE="false" COMMENT="Availability restrictions for viewing this section, in JSON format. Null if no restrictions."/>
            </FIELDS>
            <KEYS>
                <KEY NAME="id" TYPE="primary" FIELDS="id"/>
            </KEYS>
        </TABLE>
    </TABLES>
</XMLDB>
