<?xml version="1.0" encoding="UTF-8" ?>
<XMLDB PATH="plagiarism/compilatio/db" VERSION="20201023" COMMENT="XMLDB file for Moodle plagiarism/compilatio plugin"
    xmlns:xsi="http://www.w3.org/2001/XMLSchema-instance"
    xsi:noNamespaceSchemaLocation="../../../lib/xmldb/xmldb.xsd"
>
  <TABLES>
    <TABLE NAME="plagiarism_compilatio_files" COMMENT="info about submitted files">
      <FIELDS>
        <FIELD NAME="id" TYPE="int" LENGTH="10" NOTNULL="true" SEQUENCE="true"/>
        <FIELD NAME="cm" TYPE="int" LENGTH="10" NOTNULL="true" DEFAULT="0" SEQUENCE="false"/>
        <FIELD NAME="userid" TYPE="int" LENGTH="10" NOTNULL="true" DEFAULT="0" SEQUENCE="false"/>
        <FIELD NAME="identifier" TYPE="char" LENGTH="255" NOTNULL="true" SEQUENCE="false"/>
        <FIELD NAME="filename" TYPE="char" LENGTH="255" NOTNULL="true" SEQUENCE="false"/>
        <FIELD NAME="externalid" TYPE="char" LENGTH="255" NOTNULL="false" SEQUENCE="false"/>
        <FIELD NAME="status" TYPE="char" LENGTH="50" NOTNULL="false" SEQUENCE="false"/>
        <FIELD NAME="globalscore" TYPE="int" LENGTH="5" NOTNULL="true" DEFAULT="0" SEQUENCE="false"/>
        <FIELD NAME="simscore" TYPE="int" LENGTH="5" NOTNULL="false" SEQUENCE="false"/>
        <FIELD NAME="utlscore" TYPE="int" LENGTH="5" NOTNULL="false" SEQUENCE="false"/>
        <FIELD NAME="aiscore" TYPE="int" LENGTH="5" NOTNULL="false" SEQUENCE="false"/>
        <FIELD NAME="ignoredscores" TYPE="char" LENGTH="50" NOTNULL="true" SEQUENCE="false"/>
        <FIELD NAME="analysisid" TYPE="char" LENGTH="255" NOTNULL="false" SEQUENCE="false"/>
        <FIELD NAME="timesubmitted" TYPE="int" LENGTH="10" NOTNULL="true" DEFAULT="0" SEQUENCE="false"/>
        <FIELD NAME="indexed" TYPE="int" LENGTH="2" NOTNULL="false" SEQUENCE="false"/>
        <FIELD NAME="reporturl" TYPE="char" LENGTH="255" NOTNULL="false" SEQUENCE="false"/>
      </FIELDS>
      <KEYS>
        <KEY NAME="primary" TYPE="primary" FIELDS="id"/>
        <KEY NAME="cm" TYPE="foreign" FIELDS="cm" REFTABLE="course_modules" REFFIELDS="id"/>
        <KEY NAME="userid" TYPE="foreign" FIELDS="userid" REFTABLE="user" REFFIELDS="id"/>
      </KEYS>
    </TABLE>
    <TABLE NAME="plagiarism_compilatio_user" COMMENT="Used to store Compilatio user information">
      <FIELDS>
        <FIELD NAME="id" TYPE="int" LENGTH="10" NOTNULL="true" SEQUENCE="true"/>
        <FIELD NAME="userid" TYPE="int" LENGTH="10" NOTNULL="true" SEQUENCE="false"/>
        <FIELD NAME="compilatioid" TYPE="char" LENGTH="40" NOTNULL="true" SEQUENCE="false"/>
      </FIELDS>
      <KEYS>
        <KEY NAME="primary" TYPE="primary" FIELDS="id"/>
      </KEYS>
    </TABLE>
    <TABLE NAME="plagiarism_compilatio_cm_cfg" COMMENT="modules information and config">
      <FIELDS>
        <FIELD NAME="id" TYPE="int" LENGTH="10" NOTNULL="true" SEQUENCE="true"/>
        <FIELD NAME="cmid" TYPE="int" LENGTH="10" NOTNULL="true" SEQUENCE="false"/>
        <FIELD NAME="folderid" TYPE="char" LENGTH="40" NOTNULL="false" SEQUENCE="false"/>
        <FIELD NAME="userid" TYPE="char" LENGTH="40" NOTNULL="false" SEQUENCE="false"/>
        <FIELD NAME="activated" TYPE="int" LENGTH="2" NOTNULL="true" DEFAULT="0" SEQUENCE="false"/>
        <FIELD NAME="showstudentscore" TYPE="char" LENGTH="11" NOTNULL="false" SEQUENCE="false"/>
        <FIELD NAME="showstudentreport" TYPE="char" LENGTH="11" NOTNULL="false" SEQUENCE="false"/>
        <FIELD NAME="reporttype" TYPE="char" LENGTH="11" NOTNULL="false" DEFAULT="detailed" SEQUENCE="false"/>
        <FIELD NAME="studentanalyses" TYPE="int" LENGTH="2" NOTNULL="false" SEQUENCE="false"/>
        <FIELD NAME="analysistype" TYPE="char" LENGTH="50" NOTNULL="false" SEQUENCE="false"/>
        <FIELD NAME="analysistime" TYPE="int" LENGTH="10" NOTNULL="false" SEQUENCE="false"/>
        <FIELD NAME="warningthreshold" TYPE="int" LENGTH="5" NOTNULL="false" SEQUENCE="false"/>
        <FIELD NAME="criticalthreshold" TYPE="int" LENGTH="5" NOTNULL="false" SEQUENCE="false"/>
        <FIELD NAME="defaultindexing" TYPE="int" LENGTH="2" NOTNULL="false" SEQUENCE="false"/>
        <FIELD NAME="recyclebinid" TYPE="int" LENGTH="10" NOTNULL="false" SEQUENCE="false"/>
        <FIELD NAME="ignoredscores" TYPE="char" LENGTH="50" NOTNULL="true" SEQUENCE="false"/>
      </FIELDS>
      <KEYS>
        <KEY NAME="primary" TYPE="primary" FIELDS="id"/>
        <KEY NAME="cmid" TYPE="foreign" FIELDS="cmid" REFTABLE="course_modules" REFFIELDS="id"/>
        <KEY NAME="userid" TYPE="foreign" FIELDS="userid" REFTABLE="plagiarism_compilatio_user" REFFIELDS="compilatioid"/>
      </KEYS>
    </TABLE>
  </TABLES>
</XMLDB>