<?xml version="1.0" encoding="UTF-8" ?>
<XMLDB PATH="local/nolej/db" VERSION="20200213" COMMENT="XMLDB file for local nolej plugin"
    xmlns:xsi="http://www.w3.org/2001/XMLSchema-instance"
    xsi:noNamespaceSchemaLocation="../../../lib/xmldb/xmldb.xsd"
>
  <TABLES>
  <TABLE NAME="local_nolej_module" COMMENT="each record is one nolej module">
      <FIELDS>
        <FIELD NAME="id" TYPE="int" LENGTH="10" NOTNULL="true" SEQUENCE="true" COMMENT="Module incremental id"/>
        <FIELD NAME="document_id" TYPE="char" LENGTH="50" NOTNULL="true" SEQUENCE="false" COMMENT="Nolej document id"/>
        <FIELD NAME="user_id" TYPE="int" LENGTH="11" NOTNULL="true" SEQUENCE="false" COMMENT="author id"/>
        <FIELD NAME="tstamp" TYPE="int" LENGTH="10" NOTNULL="true" SEQUENCE="false" COMMENT="creation datetime"/>
        <FIELD NAME="status" TYPE="int" LENGTH="4" NOTNULL="true" SEQUENCE="false" COMMENT="0 -> idle, ... 8 -> completed"/>
        <FIELD NAME="title" TYPE="char" LENGTH="250" NOTNULL="false" SEQUENCE="false" COMMENT="null -> Nolej will set a title"/>
        <FIELD NAME="consumed_credit" TYPE="int" LENGTH="4" NOTNULL="true" SEQUENCE="false"/>
        <FIELD NAME="doc_url" TYPE="char" LENGTH="200" NOTNULL="true" SEQUENCE="false"/>
        <FIELD NAME="media_type" TYPE="char" LENGTH="20" NOTNULL="true" SEQUENCE="false" COMMENT="web, audio, video, document, freetext"/>
        <FIELD NAME="automatic_mode" TYPE="int" LENGTH="1" NOTNULL="true" SEQUENCE="false"/>
        <FIELD NAME="language" TYPE="char" LENGTH="5" NOTNULL="true" SEQUENCE="false"/>
      </FIELDS>
      <KEYS>
        <KEY NAME="primary" TYPE="primary" FIELDS="id"/>
      </KEYS>
      <INDEXES>
        <INDEX NAME="document_id_idx" UNIQUE="false" FIELDS="document_id" COMMENT="Index to find the module."/>
      </INDEXES>
    </TABLE>
    <TABLE NAME="local_nolej_activity" COMMENT="each record is a step of a Nolej module">
      <FIELDS>
        <FIELD NAME="id" TYPE="int" LENGTH="10" NOTNULL="true" SEQUENCE="true" COMMENT="Module incremental id"/>
        <FIELD NAME="document_id" TYPE="char" LENGTH="50" NOTNULL="true" SEQUENCE="false" COMMENT="Nolej document id"/>
        <FIELD NAME="user_id" TYPE="int" LENGTH="11" NOTNULL="true" SEQUENCE="false"/>
        <FIELD NAME="context_id" TYPE="int" LENGTH="11" NOTNULL="false" SEQUENCE="false" COMMENT="Context where the user triggered the action"/>
        <FIELD NAME="action" TYPE="char" LENGTH="30" NOTNULL="true" SEQUENCE="false" COMMENT="Triggered action name"/>
        <FIELD NAME="tstamp" TYPE="int" LENGTH="10" NOTNULL="true" SEQUENCE="false"/>
        <FIELD NAME="status" TYPE="char" LENGTH="10" NOTNULL="true" SEQUENCE="false"/>
        <FIELD NAME="code" TYPE="int" LENGTH="4" NOTNULL="true" SEQUENCE="false"/>
        <FIELD NAME="error_message" TYPE="char" LENGTH="200" NOTNULL="true" SEQUENCE="false"/>
        <FIELD NAME="consumed_credit" TYPE="int" LENGTH="4" NOTNULL="true" SEQUENCE="false"/>
        <FIELD NAME="notified" TYPE="int" LENGTH="1" NOTNULL="true" SEQUENCE="false" COMMENT="Set to 1 if the user has been notified"/>
      </FIELDS>
      <KEYS>
        <KEY NAME="primary" TYPE="primary" FIELDS="id"/>
        <KEY NAME="document_id" TYPE="foreign" FIELDS="document_id" REFTABLE="local_nolej_module" REFFIELDS="document_id"/>
      </KEYS>
    </TABLE>
    <TABLE NAME="local_nolej_h5p" COMMENT="each record is an h5p in the content bank">
      <FIELDS>
        <FIELD NAME="id" TYPE="int" LENGTH="10" NOTNULL="true" SEQUENCE="true" COMMENT="Module incremental id"/>
        <FIELD NAME="document_id" TYPE="char" LENGTH="50" NOTNULL="true" SEQUENCE="false" COMMENT="Nolej document id"/>
        <FIELD NAME="tstamp" TYPE="int" LENGTH="10" NOTNULL="true" SEQUENCE="false"/>
        <FIELD NAME="type" TYPE="char" LENGTH="50" NOTNULL="true" SEQUENCE="false"/>
        <FIELD NAME="content_id" TYPE="int" LENGTH="10" NOTNULL="true" SEQUENCE="false" COMMENT="H5P activity id"/>
      </FIELDS>
      <KEYS>
        <KEY NAME="primary" TYPE="primary" FIELDS="id"/>
        <KEY NAME="document_id" TYPE="foreign" FIELDS="document_id" REFTABLE="local_nolej_module" REFFIELDS="document_id"/>
      </KEYS>
    </TABLE>
  </TABLES>
</XMLDB>
