<?xml version="1.0" encoding="UTF-8" ?>
<XMLDB PATH="mod/tracker/db" VERSION="20100610" COMMENT="XMLDB file for Moodle mod/tracker"
    xmlns:xsi="http://www.w3.org/2001/XMLSchema-instance"
    xsi:noNamespaceSchemaLocation="../../../lib/xmldb/xmldb.xsd"
>
  <TABLES>
    <TABLE NAME="tracker" COMMENT="tracker table retrofitted from MySQL" >
      <FIELDS>
        <FIELD NAME="id" TYPE="int" LENGTH="10" NOTNULL="true" UNSIGNED="true" SEQUENCE="true" />
        <FIELD NAME="course" TYPE="int" LENGTH="11" NOTNULL="false" UNSIGNED="true" SEQUENCE="false" />
        <FIELD NAME="name" TYPE="char" LENGTH="255" NOTNULL="true" SEQUENCE="false" />
        <FIELD NAME="intro" TYPE="text" LENGTH="small" NOTNULL="false" SEQUENCE="false" />
        <FIELD NAME="introformat" TYPE="int" LENGTH="4" NOTNULL="true" UNSIGNED="false" SEQUENCE="false" />
        <FIELD NAME="requirelogin" TYPE="int" LENGTH="1" NOTNULL="true" UNSIGNED="false" DEFAULT="1" SEQUENCE="false" />
        <FIELD NAME="allownotifications" TYPE="int" LENGTH="3" NOTNULL="true" UNSIGNED="true" SEQUENCE="false" />
        <FIELD NAME="enablecomments" TYPE="int" LENGTH="3" NOTNULL="true" UNSIGNED="true" SEQUENCE="false" />
        <FIELD NAME="ticketprefix" TYPE="char" LENGTH="16" NOTNULL="true" SEQUENCE="false" />
        <FIELD NAME="timemodified" TYPE="int" LENGTH="10" NOTNULL="true" UNSIGNED="true" DEFAULT="0" SEQUENCE="false" />
        <FIELD NAME="parent" TYPE="char" LENGTH="80" NOTNULL="false" SEQUENCE="false" />
        <FIELD NAME="supportmode" TYPE="char" LENGTH="20" NOTNULL="true" DEFAULT="bugtracker" SEQUENCE="false" />
        <FIELD NAME="defaultassignee" TYPE="int" LENGTH="11" NOTNULL="true" UNSIGNED="true" DEFAULT="0" SEQUENCE="false" />
        <FIELD NAME="subtrackers" TYPE="char" LENGTH="100" NOTNULL="true" DEFAULT="0" SEQUENCE="false" />
        <FIELD NAME="enabledstates" TYPE="int" LENGTH="11" NOTNULL="true" DEFAULT="511" SEQUENCE="false" />
        <FIELD NAME="thanksmessage" TYPE="text" LENGTH="small" NOTNULL="false" SEQUENCE="false" />
        <FIELD NAME="strictworkflow" TYPE="text" LENGTH="small" NOTNULL="false" SEQUENCE="false" />
        <FIELD NAME="networkable" TYPE="int" LENGTH="1" NOTNULL="true" SEQUENCE="false" DEFAULT="0" />
      </FIELDS>
      <KEYS>
        <KEY NAME="primary" TYPE="primary" FIELDS="id" COMMENT="Primary key for tracker"/>
      </KEYS>
    </TABLE>
    <TABLE NAME="tracker_element" COMMENT="tracker_element table retrofitted from MySQL">
      <FIELDS>
        <FIELD NAME="id" TYPE="int" LENGTH="10" NOTNULL="true" UNSIGNED="true" SEQUENCE="true"/>
        <FIELD NAME="course" TYPE="int" LENGTH="10" NOTNULL="false" UNSIGNED="true" SEQUENCE="false" />
        <FIELD NAME="name" TYPE="char" LENGTH="32" NOTNULL="false" SEQUENCE="false" />
        <FIELD NAME="description" TYPE="char" LENGTH="255" NOTNULL="false" SEQUENCE="false" />
        <FIELD NAME="type" TYPE="char" LENGTH="32" NOTNULL="true" SEQUENCE="false" />
        <FIELD NAME="paramint1" TYPE="int" LENGTH="10" NOTNULL="true" DEFAULT="0" SEQUENCE="false" />
        <FIELD NAME="paramint2" TYPE="int" LENGTH="10" NOTNULL="true" DEFAULT="0" SEQUENCE="false" />
        <FIELD NAME="paramchar1" TYPE="char" LENGTH="32" NOTNULL="false" SEQUENCE="false" />
        <FIELD NAME="paramchar2" TYPE="char" LENGTH="100" NOTNULL="false" SEQUENCE="false" />
      </FIELDS>
      <KEYS>
        <KEY NAME="primary" TYPE="primary" FIELDS="id" COMMENT="Primary key for tracker_element"/>
      </KEYS>
    </TABLE>
    <TABLE NAME="tracker_elementitem" COMMENT="tracker_elementitem table retrofitted from MySQL">
      <FIELDS>
        <FIELD NAME="id" TYPE="int" LENGTH="10" NOTNULL="true" UNSIGNED="true" SEQUENCE="true" />
        <FIELD NAME="elementid" TYPE="int" LENGTH="11" NOTNULL="true" UNSIGNED="false" DEFAULT="0" SEQUENCE="false" />
        <FIELD NAME="name" TYPE="char" LENGTH="32" NOTNULL="false" SEQUENCE="false" />
        <FIELD NAME="description" TYPE="char" LENGTH="255" NOTNULL="false" SEQUENCE="false" />
        <FIELD NAME="sortorder" TYPE="int" LENGTH="10" NOTNULL="true" UNSIGNED="true" DEFAULT="0" SEQUENCE="false" />
        <FIELD NAME="active" TYPE="int" LENGTH="1" NOTNULL="true" UNSIGNED="false" DEFAULT="1" SEQUENCE="false" />
      </FIELDS>
      <KEYS>
        <KEY NAME="primary" TYPE="primary" FIELDS="id" COMMENT="Primary key for tracker_elementitem"/>
      </KEYS>
    </TABLE>
    <TABLE NAME="tracker_elementused" COMMENT="tracker_elementused table retrofitted from MySQL">
      <FIELDS>
        <FIELD NAME="id" TYPE="int" LENGTH="10" NOTNULL="true" UNSIGNED="true" SEQUENCE="true" />
        <FIELD NAME="trackerid" TYPE="int" LENGTH="10" NOTNULL="true" UNSIGNED="true" DEFAULT="0" SEQUENCE="false" />
        <FIELD NAME="elementid" TYPE="int" LENGTH="10" NOTNULL="true" UNSIGNED="true" SEQUENCE="false" />
        <FIELD NAME="sortorder" TYPE="int" LENGTH="10" NOTNULL="true" UNSIGNED="true" SEQUENCE="false" />
        <FIELD NAME="canbemodifiedby" TYPE="int" LENGTH="10" NOTNULL="true" UNSIGNED="true" SEQUENCE="false" />
        <FIELD NAME="active" TYPE="int" LENGTH="1" NOTNULL="true" UNSIGNED="false" DEFAULT="1" SEQUENCE="false" />
        <FIELD NAME="mandatory" TYPE="int" LENGTH="1" NOTNULL="true" UNSIGNED="false" DEFAULT="1" SEQUENCE="false" />
        <FIELD NAME="private" TYPE="int" LENGTH="1" NOTNULL="true" UNSIGNED="false" DEFAULT="1" SEQUENCE="false" />
        <FIELD NAME="listable" TYPE="int" LENGTH="1" NOTNULL="true" UNSIGNED="false" DEFAULT="1" SEQUENCE="false" />
      </FIELDS>
      <KEYS>
        <KEY NAME="primary" TYPE="primary" FIELDS="id" COMMENT="Primary key for tracker_elementused"/>
      </KEYS>
    </TABLE>
    <TABLE NAME="tracker_issue" COMMENT="tracker_issue table retrofitted from MySQL">
      <FIELDS>
        <FIELD NAME="id" TYPE="int" LENGTH="10" NOTNULL="true" UNSIGNED="true" SEQUENCE="true" />
        <FIELD NAME="trackerid" TYPE="int" LENGTH="10" NOTNULL="true" UNSIGNED="true" DEFAULT="0" SEQUENCE="false" />
        <FIELD NAME="summary" TYPE="char" LENGTH="255" NOTNULL="true" SEQUENCE="false" />
        <FIELD NAME="description" TYPE="text" LENGTH="small" NOTNULL="true" SEQUENCE="false" />
        <FIELD NAME="descriptionformat" TYPE="int" LENGTH="4" NOTNULL="true" UNSIGNED="false" SEQUENCE="false" />
        <FIELD NAME="datereported" TYPE="int" LENGTH="10" NOTNULL="true" UNSIGNED="true" DEFAULT="0" SEQUENCE="false" />
        <FIELD NAME="reportedby" TYPE="int" LENGTH="10" NOTNULL="true" UNSIGNED="true" DEFAULT="0" SEQUENCE="false" />
        <FIELD NAME="status" TYPE="int" LENGTH="10" NOTNULL="false" UNSIGNED="true" SEQUENCE="false" />
        <FIELD NAME="assignedto" TYPE="int" LENGTH="11" NOTNULL="true" UNSIGNED="false" SEQUENCE="false" DEFAULT="0" />
        <FIELD NAME="bywhomid" TYPE="int" LENGTH="11" NOTNULL="true" UNSIGNED="false" SEQUENCE="false" />
        <FIELD NAME="timecreated" TYPE="int" LENGTH="11" NOTNULL="false" UNSIGNED="false" SEQUENCE="false" />
        <FIELD NAME="timemodified" TYPE="int" LENGTH="11" NOTNULL="false" UNSIGNED="false" SEQUENCE="false" />
        <FIELD NAME="timeassigned" TYPE="int" LENGTH="11" NOTNULL="false" UNSIGNED="false" SEQUENCE="false" />
        <FIELD NAME="resolution" TYPE="text" LENGTH="small" NOTNULL="false" SEQUENCE="false" />
        <FIELD NAME="resolutionformat" TYPE="int" LENGTH="10" NOTNULL="false" UNSIGNED="true" SEQUENCE="false" />
        <FIELD NAME="resolutionpriority" TYPE="int" LENGTH="10" NOTNULL="false" UNSIGNED="true" SEQUENCE="false" />
        <FIELD NAME="uplink" TYPE="char" LENGTH="10" NOTNULL="false" UNSIGNED="true" SEQUENCE="false"  />
        <FIELD NAME="downlink" TYPE="char" LENGTH="10" NOTNULL="false" UNSIGNED="true" SEQUENCE="false" />
      </FIELDS>
      <KEYS>
        <KEY NAME="primary" TYPE="primary" FIELDS="id" COMMENT="Primary key for tracker_issue"/>
      </KEYS>
    </TABLE>
    <TABLE NAME="tracker_issueattribute" COMMENT="tracker_issueattribute table retrofitted from MySQL">
      <FIELDS>
        <FIELD NAME="id" TYPE="int" LENGTH="10" NOTNULL="true" UNSIGNED="true" SEQUENCE="true" />
        <FIELD NAME="trackerid" TYPE="int" LENGTH="11" NOTNULL="true" UNSIGNED="false" SEQUENCE="false" />
        <FIELD NAME="issueid" TYPE="int" LENGTH="10" NOTNULL="false" UNSIGNED="true" DEFAULT="0" SEQUENCE="false" />
        <FIELD NAME="elementid" TYPE="int" LENGTH="10" NOTNULL="false" UNSIGNED="true" DEFAULT="0" SEQUENCE="false" />
        <FIELD NAME="elementitemid" TYPE="char" LENGTH="255" NOTNULL="false" SEQUENCE="false" COMMENT="May be a list"/>
        <FIELD NAME="timemodified" TYPE="int" LENGTH="10" NOTNULL="true" UNSIGNED="true" DEFAULT="0" SEQUENCE="false" />
      </FIELDS>
      <KEYS>
        <KEY NAME="primary" TYPE="primary" FIELDS="id" COMMENT="Primary key for tracker_issueattribute"/>
      </KEYS>
    </TABLE>
    <TABLE NAME="tracker_issuecc" COMMENT="tracker_issuecc table retrofitted from MySQL" >
      <FIELDS>
        <FIELD NAME="id" TYPE="int" LENGTH="10" NOTNULL="true" UNSIGNED="true" SEQUENCE="true" />
        <FIELD NAME="trackerid" TYPE="int" LENGTH="11" NOTNULL="true" UNSIGNED="false" SEQUENCE="false" />
        <FIELD NAME="userid" TYPE="int" LENGTH="10" NOTNULL="false" UNSIGNED="true" DEFAULT="0" SEQUENCE="false" />
        <FIELD NAME="issueid" TYPE="int" LENGTH="10" NOTNULL="false" UNSIGNED="true" DEFAULT="0" SEQUENCE="false" />
        <FIELD NAME="events" TYPE="int" LENGTH="3" NOTNULL="false" UNSIGNED="true" DEFAULT="31" SEQUENCE="false" />
      </FIELDS>
      <KEYS>
        <KEY NAME="primary" TYPE="primary" FIELDS="id" COMMENT="Primary key for tracker_issuecc" />
        <KEY NAME="unique_assignation" TYPE="unique" FIELDS="trackerid, userid, issueid" />
      </KEYS>
    </TABLE>
    <TABLE NAME="tracker_issuecomment" COMMENT="tracker_issuecomment table retrofitted from MySQL" >
      <FIELDS>
        <FIELD NAME="id" TYPE="int" LENGTH="10" NOTNULL="true" UNSIGNED="true" SEQUENCE="true" />
        <FIELD NAME="trackerid" TYPE="int" LENGTH="11" NOTNULL="true" UNSIGNED="false" SEQUENCE="false" />
        <FIELD NAME="userid" TYPE="int" LENGTH="10" NOTNULL="false" UNSIGNED="true" DEFAULT="0" SEQUENCE="false" />
        <FIELD NAME="issueid" TYPE="int" LENGTH="10" NOTNULL="false" UNSIGNED="true" DEFAULT="0" SEQUENCE="false" />
        <FIELD NAME="comment" TYPE="text" LENGTH="small" NOTNULL="true" SEQUENCE="false" />
        <FIELD NAME="commentformat" TYPE="int" LENGTH="3" NOTNULL="true" UNSIGNED="true" SEQUENCE="false" />
        <FIELD NAME="datecreated" TYPE="int" LENGTH="10" NOTNULL="false" UNSIGNED="true" DEFAULT="0" SEQUENCE="false" />
      </FIELDS>
      <KEYS>
        <KEY NAME="primary" TYPE="primary" FIELDS="id" COMMENT="Primary key for tracker_issuecomment"/>
      </KEYS>
    </TABLE>
    <TABLE NAME="tracker_issuedependancy" COMMENT="tracker_issuedependancy table retrofitted from MySQL" >
      <FIELDS>
        <FIELD NAME="id" TYPE="int" LENGTH="10" NOTNULL="true" UNSIGNED="true" SEQUENCE="true" />
        <FIELD NAME="trackerid" TYPE="int" LENGTH="11" NOTNULL="true" UNSIGNED="false" SEQUENCE="false" />
        <FIELD NAME="parentid" TYPE="int" LENGTH="10" NOTNULL="false" UNSIGNED="true" DEFAULT="0" SEQUENCE="false" />
        <FIELD NAME="childid" TYPE="int" LENGTH="10" NOTNULL="true" UNSIGNED="true" DEFAULT="0" SEQUENCE="false" />
        <FIELD NAME="comment" TYPE="text" LENGTH="small" NOTNULL="true" SEQUENCE="false" />
        <FIELD NAME="commentformat" TYPE="int" LENGTH="10" NOTNULL="true" UNSIGNED="false" DEFAULT="0" SEQUENCE="false" />
      </FIELDS>
      <KEYS>
        <KEY NAME="primary" TYPE="primary" FIELDS="id" COMMENT="Primary key for tracker_issuedependancy"/>
      </KEYS>
    </TABLE>
    <TABLE NAME="tracker_issueownership" COMMENT="tracker_issueownership table retrofitted from MySQL" >
      <FIELDS>
        <FIELD NAME="id" TYPE="int" LENGTH="10" NOTNULL="true" UNSIGNED="true" SEQUENCE="true" />
        <FIELD NAME="trackerid" TYPE="int" LENGTH="11" NOTNULL="true" UNSIGNED="false" SEQUENCE="false" />
        <FIELD NAME="userid" TYPE="int" LENGTH="10" NOTNULL="false" UNSIGNED="true" DEFAULT="0" SEQUENCE="false" />
        <FIELD NAME="issueid" TYPE="int" LENGTH="10" NOTNULL="false" UNSIGNED="true" DEFAULT="0" SEQUENCE="false" />
        <FIELD NAME="bywhomid" TYPE="int" LENGTH="10" NOTNULL="true" UNSIGNED="true" SEQUENCE="false" />
        <FIELD NAME="timeassigned" TYPE="int" LENGTH="10" NOTNULL="true" UNSIGNED="true" DEFAULT="0" SEQUENCE="false" />
      </FIELDS>
      <KEYS>
        <KEY NAME="primary" TYPE="primary" FIELDS="id" COMMENT="Primary key for tracker_issueownership"/>
      </KEYS>
    </TABLE>
    <TABLE NAME="tracker_preferences" COMMENT="tracker_preferences table retrofitted from MySQL" >
      <FIELDS>
        <FIELD NAME="id" TYPE="int" LENGTH="10" NOTNULL="true" UNSIGNED="true" SEQUENCE="true" />
        <FIELD NAME="trackerid" TYPE="int" LENGTH="10" NOTNULL="true" UNSIGNED="true" SEQUENCE="false" />
        <FIELD NAME="userid" TYPE="int" LENGTH="10" NOTNULL="true" UNSIGNED="true" SEQUENCE="false" />
        <FIELD NAME="name" TYPE="char" LENGTH="32" NOTNULL="true" SEQUENCE="false" />
        <FIELD NAME="value" TYPE="char" LENGTH="255" NOTNULL="false" SEQUENCE="false" />
      </FIELDS>
      <KEYS>
        <KEY NAME="primary" TYPE="primary" FIELDS="id" COMMENT="Primary key for tracker_preferences" />
        <KEY NAME="unique_pref_entry" TYPE="unique" FIELDS="trackerid, userid, name" />
      </KEYS>
    </TABLE>
    <TABLE NAME="tracker_query" COMMENT="tracker_query table retrofitted from MySQL" >
      <FIELDS>
        <FIELD NAME="id" TYPE="int" LENGTH="10" NOTNULL="true" UNSIGNED="true" SEQUENCE="true" />
        <FIELD NAME="trackerid" TYPE="int" LENGTH="10" NOTNULL="false" UNSIGNED="true" SEQUENCE="false" />
        <FIELD NAME="userid" TYPE="int" LENGTH="10" NOTNULL="false" UNSIGNED="true" DEFAULT="0" SEQUENCE="false" />
        <FIELD NAME="name" TYPE="char" LENGTH="255" NOTNULL="false" SEQUENCE="false" />
        <FIELD NAME="description" TYPE="text" LENGTH="small" NOTNULL="false" SEQUENCE="false" />
        <FIELD NAME="published" TYPE="int" LENGTH="10" NOTNULL="true" UNSIGNED="true" DEFAULT="0" SEQUENCE="false" />
        <FIELD NAME="fieldnames" TYPE="text" LENGTH="small" NOTNULL="true" SEQUENCE="false" />
        <FIELD NAME="fieldvalues" TYPE="text" LENGTH="small" NOTNULL="true" SEQUENCE="false" />
      </FIELDS>
      <KEYS>
        <KEY NAME="primary" TYPE="primary" FIELDS="id" COMMENT="Primary key for tracker_query"/>
      </KEYS>
    </TABLE>
    <TABLE NAME="tracker_state_change" COMMENT="tracker_state_change table retrofitted from MySQL" >
      <FIELDS>
        <FIELD NAME="id" TYPE="int" LENGTH="10" NOTNULL="true" UNSIGNED="true" SEQUENCE="true" />
        <FIELD NAME="trackerid" TYPE="int" LENGTH="11" NOTNULL="true" UNSIGNED="true" DEFAULT="0" SEQUENCE="false" />
        <FIELD NAME="issueid" TYPE="int" LENGTH="11" NOTNULL="true" UNSIGNED="true" DEFAULT="0" SEQUENCE="false" />
        <FIELD NAME="userid" TYPE="int" LENGTH="11" NOTNULL="true" UNSIGNED="true" DEFAULT="0" SEQUENCE="false" />
        <FIELD NAME="timechange" TYPE="int" LENGTH="11" NOTNULL="true" UNSIGNED="true" DEFAULT="0" SEQUENCE="false" />
        <FIELD NAME="statusfrom" TYPE="int" LENGTH="4" NOTNULL="true" UNSIGNED="true" DEFAULT="0" SEQUENCE="false" />
        <FIELD NAME="statusto" TYPE="int" LENGTH="4" NOTNULL="true" UNSIGNED="true" DEFAULT="0" SEQUENCE="false" />
      </FIELDS>
      <KEYS>
        <KEY NAME="primary" TYPE="primary" FIELDS="id"/>
      </KEYS>
      <INDEXES>
        <INDEX NAME="mdl_tracstatchan_iss_ix" UNIQUE="false" FIELDS="issueid" />
        <INDEX NAME="mdl_tracstatchan_use_ix" UNIQUE="false" FIELDS="userid" />
        <INDEX NAME="mdl_tracstatchan_tra_ix" UNIQUE="false" FIELDS="trackerid" />
      </INDEXES>
    </TABLE>
  </TABLES>
</XMLDB>