<?xml version="1.0" encoding="UTF-8" ?>
<XMLDB PATH="mod/customlabel/db" VERSION="20100219" COMMENT="XMLDB file for Moodle mod/customlabel"
    xmlns:xsi="http://www.w3.org/2001/XMLSchema-instance"
    xsi:noNamespaceSchemaLocation="../../../lib/xmldb/xmldb.xsd"
>
  <TABLES>
    <TABLE NAME="customlabel" COMMENT="Defines labels">
      <FIELDS>
        <FIELD NAME="id" TYPE="int" LENGTH="10" NOTNULL="true" UNSIGNED="true" SEQUENCE="true" />
        <FIELD NAME="course" TYPE="int" LENGTH="10" NOTNULL="true" UNSIGNED="true" DEFAULT="0" SEQUENCE="false" />
        <FIELD NAME="name" TYPE="text" LENGTH="small" NOTNULL="true" SEQUENCE="false" />
        <FIELD NAME="title" TYPE="char" LENGTH="255" NOTNULL="true" SEQUENCE="false" />
        <FIELD NAME="labelclass" TYPE="char" LENGTH="32" NOTNULL="true" SEQUENCE="false" />
        <FIELD NAME="fallbacktype" TYPE="char" LENGTH="32" NOTNULL="true" SEQUENCE="false" />
        <FIELD NAME="intro" TYPE="text" LENGTH="small" NOTNULL="true" SEQUENCE="false" />
        <FIELD NAME="introformat" TYPE="int" LENGTH="4" NOTNULL="true" SEQUENCE="false" />
        <FIELD NAME="timemodified" TYPE="int" LENGTH="10" NOTNULL="true" UNSIGNED="true" DEFAULT="0" SEQUENCE="false" />
        <FIELD NAME="content" TYPE="text" LENGTH="medium" NOTNULL="false" SEQUENCE="false" />
        <FIELD NAME="processedcontent" TYPE="text" LENGTH="medium" NOTNULL="false" SEQUENCE="false" />
        <FIELD NAME="completion1enabled" TYPE="int" LENGTH="1" NOTNULL="true" DEFAULT="0" SEQUENCE="false" COMMENT="Nonzero if completion1 rule is required depending on element subtype." />
        <FIELD NAME="completion2enabled" TYPE="int" LENGTH="1" NOTNULL="true" DEFAULT="0" SEQUENCE="false" COMMENT="Nonzero if completion2 rule is required depending on element subtype." />
        <FIELD NAME="completion3enabled" TYPE="int" LENGTH="1" NOTNULL="true" DEFAULT="0" SEQUENCE="false" COMMENT="Nonzero if completion3 rule is required depending on element subtype." />
      </FIELDS>
      <KEYS>
        <KEY NAME="primary" TYPE="primary" FIELDS="id" />
      </KEYS>
      <INDEXES>
        <INDEX NAME="course" UNIQUE="false" FIELDS="course"/>
      </INDEXES>
    </TABLE>
    <TABLE NAME="customlabel_mtd_type" COMMENT="Type of metadata">
      <FIELDS>
        <FIELD NAME="id" TYPE="int" LENGTH="10" NOTNULL="true" UNSIGNED="true" SEQUENCE="true" />
        <FIELD NAME="type" TYPE="char" LENGTH="40" NOTNULL="false" SEQUENCE="false" COMMENT="Type" />
        <FIELD NAME="code" TYPE="char" LENGTH="15" NOTNULL="false" SEQUENCE="false" COMMENT="Name of type" />
        <FIELD NAME="name" TYPE="char" LENGTH="255" NOTNULL="false" SEQUENCE="false" COMMENT="Name of type" />
        <FIELD NAME="description" TYPE="text" LENGTH="small" NOTNULL="false" SEQUENCE="false" COMMENT="Textual description" />
        <FIELD NAME="sortorder" TYPE="int" LENGTH="4" NOTNULL="true" UNSIGNED="true" DEFAULT="0" SEQUENCE="false" COMMENT="Ordering" />
      </FIELDS>
      <KEYS>
        <KEY NAME="primary" TYPE="primary" FIELDS="id" />
      </KEYS>
      <INDEXES>
        <INDEX NAME="ix_code" UNIQUE="true" FIELDS="code" />
      </INDEXES>
    </TABLE>
    <TABLE NAME="customlabel_mtd_value" COMMENT="Values for metadata lists">
      <FIELDS>
        <FIELD NAME="id" TYPE="int" LENGTH="10" NOTNULL="true" UNSIGNED="true" SEQUENCE="true" />
        <FIELD NAME="typeid" TYPE="int" LENGTH="10" NOTNULL="false" UNSIGNED="true" SEQUENCE="false" />
        <FIELD NAME="code" TYPE="char" LENGTH="255" NOTNULL="false" SEQUENCE="false" />
        <FIELD NAME="value" TYPE="text" LENGTH="small" NOTNULL="false" SEQUENCE="false" />
        <FIELD NAME="translatable" TYPE="int" LENGTH="1" NOTNULL="true" UNSIGNED="true" DEFAULT="0" SEQUENCE="false" />
        <FIELD NAME="sortorder" TYPE="int" LENGTH="10" NOTNULL="false" SEQUENCE="false" />
        <FIELD NAME="parent" TYPE="int" LENGTH="10" NOTNULL="false" SEQUENCE="false" />
      </FIELDS>
      <KEYS>
        <KEY NAME="primary" TYPE="primary" FIELDS="id" />
      </KEYS>
      <INDEXES>
        <INDEX NAME="ix_typeid" UNIQUE="false" FIELDS="typeid" />
        <INDEX NAME="ix_parent" UNIQUE="false" FIELDS="parent" />
      </INDEXES>
    </TABLE>
    <TABLE NAME="customlabel_course_metadata" COMMENT="Classifies courses with metadata">
      <FIELDS>
        <FIELD NAME="id" TYPE="int" LENGTH="10" NOTNULL="true" UNSIGNED="true" SEQUENCE="true" />
        <FIELD NAME="courseid" TYPE="int" LENGTH="10" NOTNULL="true" UNSIGNED="true" DEFAULT="0" SEQUENCE="false" COMMENT="Course" />
        <FIELD NAME="valueid" TYPE="char" LENGTH="255" NOTNULL="true" UNSIGNED="true" DEFAULT="0" SEQUENCE="false" />
        <FIELD NAME="cmid" TYPE="int" LENGTH="10" NOTNULL="true" UNSIGNED="true" DEFAULT="0" SEQUENCE="false" COMMENT="If the metadata is related to one specific cm" />
      </FIELDS>
      <KEYS>
        <KEY NAME="primary" TYPE="primary" FIELDS="id" />
      </KEYS>
      <INDEXES>
        <INDEX NAME="ix_courseid_valueid" UNIQUE="true" FIELDS="courseid, valueid, cmid" />
      </INDEXES>
    </TABLE>
    <TABLE NAME="customlabel_mtd_constraint" COMMENT="customlabel_mtd_constraint table retrofitted from MySQL">
      <FIELDS>
        <FIELD NAME="id" TYPE="int" LENGTH="10" NOTNULL="true" UNSIGNED="true" SEQUENCE="true" />
        <FIELD NAME="value1" TYPE="int" LENGTH="11" NOTNULL="false" UNSIGNED="true" SEQUENCE="false" />
        <FIELD NAME="value2" TYPE="int" LENGTH="11" NOTNULL="true" UNSIGNED="true" SEQUENCE="false" />
        <FIELD NAME="const" TYPE="int" LENGTH="4" NOTNULL="true" UNSIGNED="true" SEQUENCE="false" />
      </FIELDS>
      <KEYS>
        <KEY NAME="primary" TYPE="primary" FIELDS="id" />
      </KEYS>
      <INDEXES>
        <INDEX NAME="ix_constraint" UNIQUE="true" FIELDS="value1,value2" />
      </INDEXES>
    </TABLE>
    <TABLE NAME="customlabel_user_data" COMMENT="Records completion internal completion states for the user">
      <FIELDS>
        <FIELD NAME="id" TYPE="int" LENGTH="10" NOTNULL="true" UNSIGNED="true" SEQUENCE="true" />
        <FIELD NAME="customlabelid" TYPE="int" LENGTH="11" NOTNULL="false" UNSIGNED="true" SEQUENCE="false" />
        <FIELD NAME="userid" TYPE="int" LENGTH="11" NOTNULL="false" UNSIGNED="true" SEQUENCE="false" />
        <FIELD NAME="completion1" TYPE="int" LENGTH="9" NOTNULL="true" UNSIGNED="true" DEFAULT="0" SEQUENCE="false" />
        <FIELD NAME="completion2" TYPE="int" LENGTH="9" NOTNULL="true" UNSIGNED="true" DEFAULT="0" SEQUENCE="false" />
        <FIELD NAME="completion3" TYPE="int" LENGTH="9" NOTNULL="true" UNSIGNED="true" DEFAULT="0" SEQUENCE="false" />
      </FIELDS>
      <KEYS>
        <KEY NAME="primary" TYPE="primary" FIELDS="id" />
      </KEYS>
      <INDEXES>
        <INDEX NAME="ix_userid_cid" UNIQUE="true" FIELDS="userid, customlabelid" />
      </INDEXES>
    </TABLE>
  </TABLES>
</XMLDB>