<?xml version="1.0" encoding="UTF-8" ?>
<XMLDB PATH="mod/magtest/db" VERSION="20121029" COMMENT="XMLDB file for Moodle mod/magtest"
    xmlns:xsi="http://www.w3.org/2001/XMLSchema-instance"
    xsi:noNamespaceSchemaLocation="../../../lib/xmldb/xmldb.xsd"
>
  <TABLES>
    <TABLE NAME="magtest" COMMENT="magtest table retrofitted from MySQL">
      <FIELDS>
        <FIELD NAME="id" TYPE="int" LENGTH="10" NOTNULL="true" UNSIGNED="true" SEQUENCE="true"/>
        <FIELD NAME="course" TYPE="int" LENGTH="10" NOTNULL="true" UNSIGNED="true" SEQUENCE="false"/>
        <FIELD NAME="name" TYPE="char" LENGTH="255" NOTNULL="false" SEQUENCE="false"/>
        <FIELD NAME="intro" TYPE="text" LENGTH="small" NOTNULL="false" SEQUENCE="false"/>
        <FIELD NAME="introformat" TYPE="int" LENGTH="4" NOTNULL="false" UNSIGNED="false" SEQUENCE="false"/>
        <FIELD NAME="starttime" TYPE="int" LENGTH="10" NOTNULL="false" UNSIGNED="true" SEQUENCE="false"/>
        <FIELD NAME="starttimeenable" TYPE="int" LENGTH="1" NOTNULL="true" UNSIGNED="true" DEFAULT="0" SEQUENCE="false"/>
        <FIELD NAME="endtime" TYPE="int" LENGTH="10" NOTNULL="false" UNSIGNED="true" SEQUENCE="false"/>
        <FIELD NAME="endtimeenable" TYPE="int" LENGTH="1" NOTNULL="true" UNSIGNED="true" DEFAULT="0" SEQUENCE="false"/>
        <FIELD NAME="timecreated" TYPE="int" LENGTH="10" NOTNULL="false" UNSIGNED="true" SEQUENCE="false"/>
        <FIELD NAME="timemodified" TYPE="int" LENGTH="10" NOTNULL="false" UNSIGNED="true" SEQUENCE="false"/>
        <FIELD NAME="result" TYPE="text" LENGTH="small" NOTNULL="false" SEQUENCE="false"/>
        <FIELD NAME="resultformat" TYPE="int" LENGTH="4" NOTNULL="false" SEQUENCE="false"/>
        <FIELD NAME="weighted" TYPE="text" LENGTH="small" NOTNULL="false" SEQUENCE="false"/>
        <FIELD NAME="usemakegroups" TYPE="int" LENGTH="1" NOTNULL="false" SEQUENCE="false"/>
        <FIELD NAME="usesetprofile" TYPE="int" LENGTH="1" NOTNULL="false" SEQUENCE="false"/>
        <FIELD NAME="pagesize" TYPE="int" LENGTH="4" NOTNULL="true" UNSIGNED="true" DEFAULT="4" SEQUENCE="false"/>
        <FIELD NAME="allowreplay" TYPE="int" LENGTH="1" NOTNULL="true" UNSIGNED="true" DEFAULT="1" SEQUENCE="false"/>
        <FIELD NAME="singlechoice" TYPE="int" LENGTH="1" NOTNULL="true" UNSIGNED="true" DEFAULT="1" SEQUENCE="false"/>
      </FIELDS>
      <KEYS>
        <KEY NAME="primary" TYPE="primary" FIELDS="id" COMMENT="Primary key for magtest"/>
      </KEYS>
    </TABLE>
    <TABLE NAME="magtest_answer" COMMENT="magtest_answer table retrofitted from MySQL">
      <FIELDS>
        <FIELD NAME="id" TYPE="int" LENGTH="10" NOTNULL="true" UNSIGNED="true" SEQUENCE="true"/>
        <FIELD NAME="questionid" TYPE="int" LENGTH="10" NOTNULL="true" UNSIGNED="true" SEQUENCE="false"/>
        <FIELD NAME="magtestid" TYPE="int" LENGTH="10" NOTNULL="true" UNSIGNED="true" SEQUENCE="false"/>
        <FIELD NAME="answertext" TYPE="text" LENGTH="small" NOTNULL="false" SEQUENCE="false"/>
        <FIELD NAME="answertextformat" TYPE="int" LENGTH="5" NOTNULL="false" UNSIGNED="true" SEQUENCE="false"/>
        <FIELD NAME="helper" TYPE="text" LENGTH="small" NOTNULL="false" SEQUENCE="false"/>
        <FIELD NAME="helperformat" TYPE="int" LENGTH="5" NOTNULL="false" UNSIGNED="true" SEQUENCE="false"/>
        <FIELD NAME="categoryid" TYPE="int" LENGTH="10" NOTNULL="false" UNSIGNED="true" SEQUENCE="false"/>
        <FIELD NAME="weight" TYPE="number" LENGTH="10" NOTNULL="false" UNSIGNED="true" DEFAULT="1.0" SEQUENCE="false" DECIMALS="2"/>
      </FIELDS>
      <KEYS>
        <KEY NAME="primary" TYPE="primary" FIELDS="id" COMMENT="Primary key for magtest_answer"/>
      </KEYS>
    </TABLE>
    <TABLE NAME="magtest_question" COMMENT="magtest_question table retrofitted from MySQL">
      <FIELDS>
        <FIELD NAME="id" TYPE="int" LENGTH="10" NOTNULL="true" UNSIGNED="true" SEQUENCE="true"/>
        <FIELD NAME="magtestid" TYPE="int" LENGTH="10" NOTNULL="true" UNSIGNED="true" SEQUENCE="false"/>
        <FIELD NAME="questiontext" TYPE="text" LENGTH="small" NOTNULL="false" SEQUENCE="false"/>
        <FIELD NAME="questiontextformat" TYPE="int" LENGTH="5" NOTNULL="false" UNSIGNED="true" SEQUENCE="false"/>
        <FIELD NAME="sortorder" TYPE="int" LENGTH="10" NOTNULL="false" UNSIGNED="true" SEQUENCE="false"/>
      </FIELDS>
      <KEYS>
        <KEY NAME="primary" TYPE="primary" FIELDS="id" COMMENT="Primary key for magtest_question"/>
      </KEYS>
    </TABLE>
    <TABLE NAME="magtest_useranswer" COMMENT="magtest_useranswer table retrofitted from MySQL">
      <FIELDS>
        <FIELD NAME="id" TYPE="int" LENGTH="10" NOTNULL="true" UNSIGNED="true" SEQUENCE="true"/>
        <FIELD NAME="magtestid" TYPE="int" LENGTH="10" NOTNULL="true" UNSIGNED="true" SEQUENCE="false"/>
        <FIELD NAME="answerid" TYPE="int" LENGTH="10" NOTNULL="true" UNSIGNED="true" SEQUENCE="false"/>
        <FIELD NAME="userid" TYPE="int" LENGTH="10" NOTNULL="false" UNSIGNED="true" SEQUENCE="false"/>
        <FIELD NAME="questionid" TYPE="int" LENGTH="10" NOTNULL="false" UNSIGNED="true" SEQUENCE="false"/>
        <FIELD NAME="timeanswered" TYPE="int" LENGTH="10" NOTNULL="false" UNSIGNED="true" SEQUENCE="false"/>
      </FIELDS>
      <KEYS>
        <KEY NAME="primary" TYPE="primary" FIELDS="id" COMMENT="Primary key for magtest_useranswer"/>
      </KEYS>
    </TABLE>
    <TABLE NAME="magtest_category" COMMENT="magtest_category table retrofitted from MySQL">
      <FIELDS>
        <FIELD NAME="id" TYPE="int" LENGTH="10" NOTNULL="true" UNSIGNED="true" SEQUENCE="true"/>
        <FIELD NAME="magtestid" TYPE="int" LENGTH="10" NOTNULL="false" UNSIGNED="true" SEQUENCE="false"/>
        <FIELD NAME="name" TYPE="char" LENGTH="50" NOTNULL="false" SEQUENCE="false"/>
        <FIELD NAME="descriptionformat" TYPE="text" LENGTH="small" NOTNULL="false" SEQUENCE="false"/>
        <FIELD NAME="description" TYPE="text" LENGTH="small" NOTNULL="false" SEQUENCE="false"/>
        <FIELD NAME="result" TYPE="text" LENGTH="small" NOTNULL="false" SEQUENCE="false"/>
        <FIELD NAME="outputgroupname" TYPE="char" LENGTH="32" NOTNULL="false" SEQUENCE="false"/>
        <FIELD NAME="outputgroupdesc" TYPE="text" LENGTH="small" NOTNULL="false" SEQUENCE="false"/>
        <FIELD NAME="outputfieldname" TYPE="char" LENGTH="64" NOTNULL="false" SEQUENCE="false"/>
        <FIELD NAME="outputfieldvalue" TYPE="char" LENGTH="255" NOTNULL="false" SEQUENCE="false"/>
        <FIELD NAME="sortorder" TYPE="int" LENGTH="4" NOTNULL="true" UNSIGNED="true" DEFAULT="0" SEQUENCE="false"/>
        <FIELD NAME="symbol" TYPE="char" LENGTH="64" NOTNULL="false" SEQUENCE="false"/>
      </FIELDS>
      <KEYS>
        <KEY NAME="primary" TYPE="primary" FIELDS="id" COMMENT="Primary key for magtest_category"/>
      </KEYS>
    </TABLE>
  </TABLES>
</XMLDB>